lp	sid
en-de	220
en-de	304
en-de	332
en-de	531
en-de	635
en-de	1124
en-de	1258
en-de	1405
en-de	1464
en-de	1560
en-mr	45
en-mr	69
en-mr	78
en-mr	105
en-mr	107
en-mr	123
en-mr	133
en-mr	134
en-mr	145
en-mr	152
en-mr	173
en-mr	176
en-mr	180
en-mr	185
en-mr	194
en-mr	197
en-mr	212
en-mr	221
en-mr	223
en-mr	224
en-mr	227
en-mr	229
en-mr	238
en-mr	253
en-mr	254
en-mr	277
en-mr	287
en-mr	290
en-mr	297
en-mr	299
en-mr	312
en-mr	326
en-mr	339
en-mr	363
en-mr	378
en-mr	398
en-mr	405
en-mr	428
en-mr	485
en-mr	498
en-mr	514
en-mr	527
en-mr	539
en-mr	550
en-mr	564
en-mr	565
en-mr	591
en-mr	609
en-mr	637
en-mr	638
en-mr	639
en-mr	643
en-mr	650
en-mr	679
en-mr	684
en-mr	689
en-mr	726
en-mr	729
en-mr	758
en-mr	760
en-mr	774
en-mr	778
en-mr	780
en-mr	781
en-mr	790
en-mr	811
en-mr	827
en-mr	837
en-mr	839
en-mr	841
en-mr	843
en-mr	879
en-mr	908
en-mr	928
en-mr	938
en-mr	940
en-mr	946
en-mr	952
en-mr	966
en-mr	1010
en-mr	1028
en-mr	1038
en-mr	1040
en-mr	1048
en-mr	1061
en-mr	1082
en-hi	25
en-hi	53
en-hi	66
en-hi	67
en-hi	75
en-hi	97
en-hi	101
en-hi	102
en-hi	113
en-hi	137
en-hi	138
en-hi	144
en-hi	167
en-hi	169
en-hi	180
en-hi	216
en-hi	252
en-hi	282
en-hi	311
en-hi	323
en-hi	325
en-hi	340
en-hi	359
en-hi	376
en-hi	379
en-hi	380
en-hi	392
en-hi	403
en-hi	415
en-hi	433
en-hi	435
en-hi	443
en-hi	456
en-hi	469
en-hi	498
en-hi	501
en-hi	510
en-hi	512
en-hi	523
en-hi	524
en-hi	535
en-hi	543
en-hi	556
en-hi	573
en-hi	575
en-hi	579
en-hi	618
en-hi	625
en-hi	629
en-hi	634
en-hi	658
en-hi	688
en-hi	729
en-hi	749
en-hi	767
en-hi	791
en-hi	793
en-hi	797
en-hi	810
en-hi	822
en-hi	825
en-hi	849
en-hi	873
en-hi	885
en-hi	921
en-hi	933
en-hi	937
en-hi	955
en-hi	957
en-hi	965
en-hi	972
en-hi	1009
en-hi	1028
en-hi	1068
en-ta	25
en-ta	36
en-ta	93
en-ta	99
en-ta	103
en-ta	104
en-ta	115
en-ta	139
en-ta	179
en-ta	184
en-ta	188
en-ta	189
en-ta	203
en-ta	211
en-ta	218
en-ta	230
en-ta	258
en-ta	290
en-ta	297
en-ta	298
en-ta	304
en-ta	307
en-ta	324
en-ta	361
en-ta	375
en-ta	383
en-ta	385
en-ta	390
en-ta	395
en-ta	399
en-ta	417
en-ta	435
en-ta	451
en-ta	462
en-ta	514
en-ta	535
en-ta	538
en-ta	544
en-ta	572
en-ta	573
en-ta	577
en-ta	590
en-ta	599
en-ta	652
en-ta	664
en-ta	672
en-ta	686
en-ta	697
en-ta	699
en-ta	702
en-ta	718
en-ta	731
en-ta	740
en-ta	745
en-ta	753
en-ta	803
en-ta	813
en-ta	815
en-ta	824
en-ta	838
en-ta	840
en-ta	847
en-ta	848
en-ta	899
en-ta	906
en-ta	911
en-ta	924
en-ta	925
en-ta	937
en-ta	957
en-ta	972
en-ta	1011
en-ta	1019
en-ta	1030
en-ta	1070
en-te	4
en-te	34
en-te	35
en-te	49
en-te	78
en-te	136
en-te	150
en-te	165
en-te	173
en-te	183
en-te	201
en-te	210
en-te	253
en-te	261
en-te	264
en-te	265
en-te	272
en-te	279
en-te	282
en-te	283
en-te	309
en-te	315
en-te	334
en-te	389
en-te	401
en-te	412
en-te	479
en-te	499
en-te	504
en-te	506
en-te	561
en-te	580
en-te	587
en-te	591
en-te	601
en-te	621
en-te	624
en-te	625
en-te	638
en-te	640
en-te	641
en-te	645
en-te	655
en-te	685
en-te	686
en-te	723
en-te	728
en-te	757
en-te	771
en-te	774
en-te	786
en-te	787
en-te	834
en-te	849
en-te	877
en-te	878
en-te	882
en-te	889
en-te	891
en-te	904
en-te	911
en-te	916
en-te	924
en-te	942
en-te	954
en-te	961
en-te	968
en-te	985
en-te	1006
en-te	1010
en-te	1027
en-te	1032
en-te	1035
en-te	1049
en-te	1052
en-gu	4
en-gu	29
en-gu	32
en-gu	52
en-gu	66
en-gu	68
en-gu	86
en-gu	115
en-gu	127
en-gu	128
en-gu	138
en-gu	155
en-gu	161
en-gu	165
en-gu	172
en-gu	199
en-gu	201
en-gu	204
en-gu	220
en-gu	231
en-gu	239
en-gu	244
en-gu	249
en-gu	250
en-gu	256
en-gu	260
en-gu	323
en-gu	336
en-gu	355
en-gu	360
en-gu	414
en-gu	417
en-gu	435
en-gu	463
en-gu	465
en-gu	466
en-gu	519
en-gu	547
en-gu	548
en-gu	565
en-gu	582
en-gu	604
en-gu	624
en-gu	644
en-gu	674
en-gu	675
en-gu	680
en-gu	681
en-gu	710
en-gu	731
en-gu	736
en-gu	762
en-gu	772
en-gu	801
en-gu	808
en-gu	816
en-gu	824
en-gu	834
en-gu	885
en-gu	888
en-gu	891
en-gu	902
en-gu	903
en-gu	932
en-gu	935
en-gu	986
en-gu	999
en-gu	1009
en-gu	1013
en-gu	1017
en-gu	1036
en-gu	1044
en-gu	1046
en-gu	1055
en-gu	1056
he-en	4
he-en	16
he-en	112
he-en	147
he-en	153
he-en	163
he-en	175
he-en	225
he-en	241
he-en	243
he-en	249
he-en	251
he-en	260
he-en	279
he-en	331
he-en	348
he-en	369
he-en	376
he-en	378
he-en	388
he-en	403
he-en	434
he-en	439
he-en	441
he-en	454
he-en	457
he-en	464
he-en	501
he-en	555
he-en	607
he-en	639
he-en	661
he-en	678
he-en	690
he-en	706
he-en	748
he-en	749
he-en	819
he-en	828
he-en	864
he-en	865
he-en	866
he-en	952
he-en	1022
he-en	1024
he-en	1050
he-en	1111
he-en	1157
zh-en	1
zh-en	53
zh-en	116
zh-en	148
zh-en	190
zh-en	466
zh-en	503
zh-en	514
zh-en	601
zh-en	756
zh-en	1081
zh-en	1205
zh-en	1267
